{"cameraMode":{"drawMode":0,"name":"Shaded","section":"Shading Mode"},"sceneLighting":true,"audioPlay":false,"sceneViewState":{"showFog":true,"showMaterialUpdate":false,"showSkybox":true,"showFlares":true,"showImageEffects":true,"showParticleSystems":true},"in2DMode":false,"pivot":{"x":-17.574552536010743,"y":-27.27873420715332,"z":-5.061769485473633},"rotation":{"x":-0.215415820479393,"y":0.7418562173843384,"z":-0.28050798177719118,"w":-0.5697064399719238},"size":56.14561462402344,"orthographic":false}