{"cameraMode":{"drawMode":0,"name":"Shaded","section":"Shading Mode"},"sceneLighting":false,"audioPlay":false,"sceneViewState":{"showFog":true,"showMaterialUpdate":false,"showSkybox":false,"showFlares":true,"showImageEffects":true,"showParticleSystems":true},"in2DMode":false,"pivot":{"x":-0.03908130154013634,"y":2.557094097137451,"z":-4.381171226501465},"rotation":{"x":0.12400359660387039,"y":-0.8550848364830017,"z":0.23941665887832642,"w":0.4428854286670685},"size":35.70145797729492,"orthographic":false}